"cid";"cname";"email";"balance"
1;"Vedant";"vd@gmail.com";10000
2;"Shreya";"shreya1@gmail.com";9000
3;"Amol";"amol56@gmail.com";200000
4;"Gia";"gias90@gmail.com";89000
5;"Kabir";"kabir88@gmail.com";78000
6;"Ankshita";"ankshita12@gmail.com";910000
7;"Naina";"nainaa07@gmail.com";12000
8;"Srushti";"srushti45@gmail.com";6000
9;"Rituraj";"rituuu67@gmail.com";90000
10;"Darshan";"darshan9@gmail.com";98000
